{"generator_loss":6.630299091339111,"time_per_epoch":54.05557203292847,"_timestamp":1.7415576996890144e+09,"_runtime":16640.1065615,"_step":29,"epoch":300,"critic_loss":-3.9095849990844727,"_wandb":{"runtime":16652}}