{"_step":29,"epoch":300,"critic_loss":-0.9215888381004333,"_wandb":{"runtime":7619},"generator_loss":-1.0601441860198975,"time_per_epoch":24.773826360702515,"_timestamp":1.7415486676411798e+09,"_runtime":7608.1307139}