{"epoch":300,"critic_loss":-1.5398532509803773,"generator_loss":0.7448448538780212,"time_per_epoch":11.519212484359741,"_timestamp":1.7415076201933868e+09,"_wandb":{"runtime":3454},"_runtime":3452.595044,"_step":29}