{"_step":29,"_wandb":{"runtime":11071},"epoch":300,"critic_loss":-1.7243084847927093,"generator_loss":10.326062202453613,"time_per_epoch":31.32373881340027,"_timestamp":1.7415644743375998e+09,"_runtime":11063.6844978}