{"generator_loss":2.35939359664917,"time_per_epoch":39.04795503616333,"_timestamp":1.7415533723991835e+09,"_runtime":12312.8461221,"_step":29,"_wandb":{"runtime":12325},"epoch":300,"critic_loss":-2.200236511230469}