{"critic_loss":-3.5543007850646973,"generator_loss":4.23221492767334,"time_per_epoch":8.340221881866455,"_wandb":{"runtime":2559},"_timestamp":1.7415125205309618e+09,"_runtime":2558.0491396,"_step":29,"epoch":300}