{"_runtime":2331.8212925,"_wandb":{"runtime":2333},"_step":29,"epoch":300,"critic_loss":-2.66950044631958,"generator_loss":2.249868392944336,"time_per_epoch":7.830209970474243,"_timestamp":1.7415099580616474e+09}