{"_runtime":12404.5876503,"_wandb":{"runtime":12405},"_step":39,"epoch":400,"critic_loss":-3.153395175933838,"generator_loss":3.097105026245117,"time_per_epoch":12.58637809753418,"_timestamp":1.7415711991189988e+09}