{"_step":29,"epoch":300,"_wandb":{"runtime":11053},"critic_loss":-3.2236098289489745,"generator_loss":5.152933120727539,"time_per_epoch":37.663140058517456,"_timestamp":1.7415645241289864e+09,"_runtime":11043.9549093}