{"_runtime":12386.2766662,"_step":29,"epoch":300,"critic_loss":-3.4415409564971924,"generator_loss":7.558678150177002,"_wandb":{"runtime":12398},"time_per_epoch":35.26500749588013,"_timestamp":1.741553445823575e+09}