{"time_per_epoch":56.23045229911804,"_wandb":{"runtime":17709},"_timestamp":1.7415587562688868e+09,"_runtime":17696.653508,"_step":29,"epoch":300,"critic_loss":-2.9901642322540285,"generator_loss":5.131309509277344}